{
    "Areas":{
        "Floor 1":{
            "0":{
                "name": "Main Lobby",
                "facilities_id": "LIB 102",
                "points":{
                    "0":{
                        "v_x": 75,
                        "v_y": 257
                    },
                    "1":{
                        "v_x": 75,
                        "v_y": 322
                    },
                    "2":{
                        "v_x": 189,
                        "v_y": 322
                    },
                    "3":{
                        "v_x": 189,
                        "v_y": 257
                    }
                }
            },
            "1":{
                "name": "Cafe",
                "facilities_id": "LIB 101A",
                "points": {
                    "0":{
                        "v_x": 200,
                        "v_y": 258
                    },
                    "1":{
                        "v_x": 200,
                        "v_y": 291
                    },
                    "2":{
                        "v_x": 189,
                        "v_y": 297
                    },
                    "3":{
                        "v_x": 189,
                        "v_y": 315
                    },
                    "4":{
                        "v_x": 200,
                        "v_y": 323
                    },
                    "5":{
                        "v_x": 200,
                        "v_y": 356
                    },
                    "6":{
                        "v_x": 240,
                        "v_y": 356
                    },
                    "7":{
                        "v_x": 240,
                        "v_y": 258
                    }
                }
            },
            "2":{
                "name": "Learning Center and Tutoring Area",
                "facilities_id": "LIB 101",
                "points": {
                    "0":{
                        "v_x": 269,
                        "v_y": 191
                    },
                    "1":{
                        "v_x": 338,
                        "v_y": 191
                    },
                    "2":{
                        "v_x": 338,
                        "v_y": 56
                    },
                    "3":{
                        "v_x": 269,
                        "v_y": 56
                    }
                }
            },
            "3":{
                "name": "101 Computer Lab",
                "facilities_id": "LIB 101",
                "points": {
                    "0":{
                        "v_x": 269,
                        "v_y": 56
                    },
                    "1":{
                        "v_x": 205,
                        "v_y": 56
                    },
                    "2":{
                        "v_x": 205,
                        "v_y": 258
                    },
                    "3":{
                        "v_x": 235,
                        "v_y": 258
                    },
                    "4":{
                        "v_x": 235,
                        "v_y": 224
                    },
                    "5":{
                        "v_x": 269,
                        "v_y": 224
                    }
                }
            },
            "4":{
                "name": "Soft Seating",
                "facilities_id": "LIB 101",
                "points": {
                    "0":{
                        "v_x": 205,
                        "v_y": 56
                    },
                    "1":{
                        "v_x": 170,
                        "v_y": 56
                    },
                    "2":{
                        "v_x": 170,
                        "v_y": 125
                    },
                    "3":{
                        "v_x": 140,
                        "v_y": 125
                    },
                    "4":{
                        "v_x": 140,
                        "v_y": 192
                    },
                    "5":{
                        "v_x": 205,
                        "v_y": 192
                    }
                }
            }
        },
        "Floor 2":{
            "0":{
                "name": "Quiet Study",
                "facilities_id": "LIB 201",
                "points": {
                    "0":{
                        "v_x": 101,
                        "v_y": 61
                    },
                    "1":{
                        "v_x": 101,
                        "v_y": 94
                    },
                    "2":{
                        "v_x": 105.5,
                        "v_y": 94
                    },
                    "3":{
                        "v_x": 105.5,
                        "v_y": 126.5
                    },
                    "4":{
                        "v_x": 101,
                        "v_y": 126.5
                    },
                    "5":{
                        "v_x": 101,
                        "v_y": 159.2
                    },
                    "6":{
                        "v_x": 105.5,
                        "v_y": 159.2
                    },
                    "7":{
                        "v_x": 105.5,
                        "v_y": 191
                    },
                    "8":{
                        "v_x": 334,
                        "v_y": 191
                    },
                    "9":{
                        "v_x": 334,
                        "v_y": 159.2
                    },
                    "10":{
                        "v_x": 339,
                        "v_y": 159.2
                    },
                    "11":{
                        "v_x": 339,
                        "v_y": 126.6
                    },
                    "12":{
                        "v_x": 334,
                        "v_y": 126.6
                    },
                    "13":{
                        "v_x": 334,
                        "v_y": 57
                    },
                    "14":{
                        "v_x": 301.5,
                        "v_y": 57
                    },
                    "15":{
                        "v_x": 301.5,
                        "v_y": 61.3
                    },
                    "16":{
                        "v_x": 268.9,
                        "v_y": 61.3
                    },
                    "17":{
                        "v_x": 268.9,
                        "v_y": 57
                    },
                    "18":{
                        "v_x": 236.2,
                        "v_y": 57
                    },
                    "19":{
                        "v_x": 236.2,
                        "v_y": 61.3
                    },
                    "20":{
                        "v_x": 203.4,
                        "v_y": 61.3
                    },
                    "21":{
                        "v_x": 203.4,
                        "v_y": 57
                    },
                    "22":{
                        "v_x": 170.7,
                        "v_y": 57
                    },
                    "23":{
                        "v_x": 170.7,
                        "v_y": 61
                    }
                }
            },
            "1":{
                "name": "BrainBooth",
                "facilities_id": "LIB 201",
                "points": {
                    "0":{
                        "v_x": 338.5,
                        "v_y": 192
                    },
                    "1":{
                        "v_x": 338.5,
                        "v_y": 224
                    },
                    "2":{
                        "v_x": 235,
                        "v_y": 224
                    },
                    "3":{
                        "v_x": 235,
                        "v_y": 192
                    }
                }
            },
            "2":{
                "name": "West Window",
                "facilities_id": "LIB 201",
                "points": {
                    "0":{
                        "v_x": 190.875,
                        "v_y": 257
                    },
                    "1":{
                        "v_x": 240.625,
                        "v_y": 257.125
                    },
                    "2":{
                        "v_x": 240.625,
                        "v_y": 349.125
                    },
                    "3":{
                        "v_x": 190.875,
                        "v_y": 349.25
                    }
                }
            },
            "3":{
                "name": "Group Study Area",
                "facilities_id": "LIB 201",
                "points": {
                    "0":{
                        "v_x": 190.875,
                        "v_y": 257
                    },
                    "1":{
                        "v_x": 190.875,
                        "v_y": 461
                    },
                    "2":{
                        "v_x": 150,
                        "v_y": 461
                    },
                    "3":{
                        "v_x": 150,
                        "v_y": 257
                    }
                }
            },
            "4":{
                "name": "NW Conference Room",
                "facilities_id": "LIB 201",
                "points": {
                    "0":{
                        "v_x": 281,
                        "v_y": 454
                    },
                    "1":{
                        "v_x": 281,
                        "v_y": 484
                    },
                    "2":{
                        "v_x": 286,
                        "v_y": 484
                    },
                    "3":{
                        "v_x": 286,
                        "v_y": 497
                    },
                    "4":{
                        "v_x": 280,
                        "v_y": 497
                    },
                    "5":{
                        "v_x": 280,
                        "v_y": 502
                    },
                    "6":{
                        "v_x": 268,
                        "v_y": 502
                    },
                    "7":{
                        "v_x": 268,
                        "v_y": 497
                    },
                    "8":{
                        "v_x": 236,
                        "v_y": 497
                    },
                    "9":{
                        "v_x": 236,
                        "v_y": 502
                    },
                    "10":{
                        "v_x": 203,
                        "v_y": 502
                    },
                    "11":{
                        "v_x": 203,
                        "v_y": 454
                    }
                }
            },
            "5":{
                "name": "Helen Everett Reading Room Group Study",
                "facilities_id": "LIB 201",
                "points": {
                    "0":{
                        "v_x": 60,
                        "v_y": 497
                    },
                    "1":{
                        "v_x": 60,
                        "v_y": 502
                    },
                    "2":{
                        "v_x": 203,
                        "v_y": 502
                    },
                    "3":{
                        "v_x": 203,
                        "v_y": 461
                    },
                    "4":{
                        "v_x": 96,
                        "v_y": 461
                    }
                }
            },
            "6":{
                "name": "HSU Authors Hall Group Study",
                "facilities_id": "LIB 201",
                "points": {
                    "0":{
                        "v_x": 60,
                        "v_y": 497
                    },
                    "1":{
                        "v_x": 55,
                        "v_y": 497
                    },
                    "2":{
                        "v_x": 55,
                        "v_y": 258
                    },
                    "3":{
                        "v_x": 104,
                        "v_y": 258
                    },
                    "4":{
                        "v_x": 104,
                        "v_y": 443
                    },
                    "5":{
                        "v_x": 96,
                        "v_y": 443
                    },
                    "6":{
                        "v_x": 96,
                        "v_y": 461
                    }
                }
            }
        },
        "Floor 3":{
            "0":{
                "name": "Quiet Area",
                "facilities_id": "LIB 301",
                "points": {
                    "0":{
                        "v_x": 55,
                        "v_y": 204
                    },
                    "1":{
                        "v_x": 55,
                        "v_y": 55
                    },
                    "2":{
                        "v_x": 321,
                        "v_y": 55
                    },
                    "3":{
                        "v_x": 321,
                        "v_y": 168
                    },
                    "4":{
                        "v_x": 80,
                        "v_y": 168
                    },
                    "5":{
                        "v_x": 80,
                        "v_y": 204
                    }
                }
            },
            "1":{
                "name": "Study Area",
                "facilities_id": "LIB 301",
                "points": {
                    "0":{
                        "v_x": 276.75,
                        "v_y": 240
                    },
                    "1":{
                        "v_x": 184.25,
                        "v_y": 240
                    },
                    "2":{
                        "v_x": 184.25,
                        "v_y": 200
                    },
                    "3":{
                        "v_x": 276.75,
                        "v_y": 200
                    }
                }
            },
            "2":{
                "name": "Scholars Lab",
                "facilities_id": "LIB 301",
                "points": {
                    "0":{
                        "v_x": 211.75,
                        "v_y": 275
                    },
                    "1":{
                        "v_x": 211.75,
                        "v_y": 400.5
                    },
                    "2":{
                        "v_x": 167,
                        "v_y": 400.5
                    },
                    "3":{
                        "v_x": 167,
                        "v_y": 275
                    }
                }
            },
            "3":{
                "name": "Study Area Study 2",
                "facilities_id": "LIB 301",
                "points": {
                    "0":{
                        "v_x": 60,
                        "v_y": 275
                    },
                    "1":{
                        "v_x": 167,
                        "v_y": 275
                    },
                    "2":{
                        "v_x": 167,
                        "v_y": 495.25
                    },
                    "3":{
                        "v_x": 115.5,
                        "v_y": 495.25
                    },
                    "4":{
                        "v_x": 115.5,
                        "v_y": 468.25
                    },
                    "5":{
                        "v_x": 133,
                        "v_y": 468.25
                    },
                    "6":{
                        "v_x": 133,
                        "v_y": 311.25
                    },
                    "7":{
                        "v_x": 60,
                        "v_y": 311.25
                    }
                }
            }
        }
    }
}