[{"Surveyor":"Test Test"},{"Floor One":{"1":{"furn_id":1,"num_seats":3,"seat_places":[],"seat_type":32,"whiteboard":[],"total_occupants":0,"modified":false,"degree_offset":0,"x":181.25,"y":333.5,"ftype":10},"2":{"furn_id":2,"num_seats":3,"seat_places":[],"seat_type":32,"whiteboard":[],"total_occupants":0,"modified":false,"degree_offset":0,"x":170,"y":324,"ftype":10},"3":{"furn_id":3,"num_seats":3,"seat_places":[],"seat_type":32,"whiteboard":[],"total_occupants":0,"modified":false,"degree_offset":0,"x":176.25,"y":306,"ftype":10},"4":{"furn_id":4,"num_seats":3,"seat_places":[],"seat_type":32,"whiteboard":[],"total_occupants":0,"modified":false,"degree_offset":0,"x":167,"y":289,"ftype":10},"5":{"furn_id":5,"num_seats":4,"seat_places":[],"seat_type":32,"whiteboard":[],"total_occupants":0,"modified":false,"degree_offset":0,"x":150,"y":310.75,"ftype":10},"6":{"furn_id":6,"num_seats":4,"seat_places":[],"seat_type":32,"whiteboard":[],"total_occupants":0,"modified":false,"degree_offset":0,"x":142.25,"y":324,"ftype":10},"7":{"furn_id":7,"num_seats":2,"seat_places":[],"seat_type":32,"whiteboard":[],"total_occupants":0,"modified":false,"degree_offset":90,"x":160,"y":303,"ftype":4},"8":{"furn_id":8,"num_seats":2,"seat_places":[],"seat_type":32,"whiteboard":[],"total_occupants":0,"modified":false,"degree_offset":90,"x":160,"y":299.5,"ftype":4},"9":{"furn_id":9,"num_seats":2,"seat_places":[],"seat_type":32,"whiteboard":[],"total_occupants":0,"modified":false,"degree_offset":0,"x":126,"y":338,"ftype":4},"10":{"furn_id":10,"num_seats":2,"seat_places":[],"seat_type":32,"whiteboard":[],"total_occupants":0,"modified":false,"degree_offset":0,"x":126,"y":331,"ftype":4},"11":{"furn_id":11,"num_seats":2,"seat_places":[],"seat_type":32,"whiteboard":[],"total_occupants":0,"modified":false,"degree_offset":0,"x":126,"y":324,"ftype":4},"12":{"furn_id":12,"num_seats":2,"seat_places":[],"seat_type":32,"whiteboard":[],"total_occupants":0,"modified":false,"degree_offset":0,"x":122.5,"y":333,"ftype":4},"13":{"furn_id":13,"num_seats":2,"seat_places":[],"seat_type":32,"whiteboard":[],"total_occupants":0,"modified":false,"degree_offset":0,"x":122.5,"y":326,"ftype":4},"14":{"furn_id":14,"num_seats":2,"seat_places":[],"seat_type":32,"whiteboard":[],"total_occupants":0,"modified":false,"degree_offset":0,"x":92.5,"y":333,"ftype":4},"15":{"furn_id":15,"num_seats":2,"seat_places":[],"seat_type":32,"whiteboard":[],"total_occupants":0,"modified":false,"degree_offset":0,"x":92.5,"y":326,"ftype":4},"16":{"furn_id":16,"num_seats":3,"seat_places":[{"seatPos":0,"activity":[],"occupied":true},{"seatPos":1,"activity":[],"occupied":true},{"seatPos":2,"activity":[],"occupied":true}],"seat_type":32,"whiteboard":[],"total_occupants":0,"modified":false,"degree_offset":0,"x":108,"y":333},"17":{"furn_id":17,"num_seats":2,"seat_places":[{"seatPos":0,"activity":[],"occupied":true},{"seatPos":1,"activity":[],"occupied":false}],"seat_type":32,"whiteboard":[],"total_occupants":0,"modified":false,"degree_offset":0,"x":108,"y":315,"ftype":10}}},{"Floor Two":[]},{"Floor Three":[]},{"Time Start":"2022-03-25T19:10:20.659Z"},{"Surveyor":"test teswt"},{"Floor One":[]},{"Floor Two":[]},{"Floor Three":[]},{"Time Start":"2022-03-25T19:10:37.003Z"},{"Time End":"2022-03-25T19:10:52.739Z"}]