[{"Surveyor":"Test Test"},{"Floor One":{"1":{"furn_id":1,"num_seats":3,"seat_places":[],"seat_type":32,"whiteboard":[],"total_occupants":0,"modified":false,"degree_offset":0,"x":181.25,"y":333.5,"ftype":10},"2":{"furn_id":2,"num_seats":3,"seat_places":[],"seat_type":32,"whiteboard":[],"total_occupants":0,"modified":false,"degree_offset":0,"x":170,"y":324,"ftype":10},"3":{"furn_id":3,"num_seats":3,"seat_places":[],"seat_type":32,"whiteboard":[],"total_occupants":0,"modified":false,"degree_offset":0,"x":176.25,"y":306,"ftype":10},"4":{"furn_id":4,"num_seats":3,"seat_places":[{"seatPos":0,"activity":[],"occupied":true},{"seatPos":1,"activity":[],"occupied":true},{"seatPos":2,"activity":[],"occupied":false}],"seat_type":32,"whiteboard":[],"total_occupants":0,"modified":false,"degree_offset":0,"x":167,"y":289,"ftype":10},"5":{"furn_id":5,"num_seats":4,"seat_places":[],"seat_type":32,"whiteboard":[],"total_occupants":0,"modified":false,"degree_offset":0,"x":150,"y":310.75,"ftype":10},"6":{"furn_id":6,"num_seats":4,"seat_places":[],"seat_type":32,"whiteboard":[],"total_occupants":0,"modified":false,"degree_offset":0,"x":142.25,"y":324,"ftype":10},"7":{"furn_id":7,"num_seats":2,"seat_places":[],"seat_type":32,"whiteboard":[],"total_occupants":0,"modified":false,"degree_offset":90,"x":160,"y":303,"ftype":4},"8":{"furn_id":8,"num_seats":2,"seat_places":[],"seat_type":32,"whiteboard":[],"total_occupants":0,"modified":false,"degree_offset":90,"x":160,"y":299.5,"ftype":4},"9":{"furn_id":9,"num_seats":2,"seat_places":[],"seat_type":32,"whiteboard":[],"total_occupants":0,"modified":false,"degree_offset":0,"x":126,"y":338,"ftype":4},"10":{"furn_id":10,"num_seats":2,"seat_places":[],"seat_type":32,"whiteboard":[],"total_occupants":0,"modified":false,"degree_offset":0,"x":126,"y":331,"ftype":4},"11":{"furn_id":11,"num_seats":2,"seat_places":[],"seat_type":32,"whiteboard":[],"total_occupants":0,"modified":false,"degree_offset":0,"x":126,"y":324,"ftype":4},"12":{"furn_id":12,"num_seats":2,"seat_places":[],"seat_type":32,"whiteboard":[],"total_occupants":0,"modified":false,"degree_offset":0,"x":122.5,"y":333,"ftype":4},"13":{"furn_id":13,"num_seats":2,"seat_places":[],"seat_type":32,"whiteboard":[],"total_occupants":0,"modified":false,"degree_offset":0,"x":122.5,"y":326,"ftype":4},"14":{"furn_id":14,"num_seats":2,"seat_places":[],"seat_type":32,"whiteboard":[],"total_occupants":0,"modified":false,"degree_offset":0,"x":92.5,"y":333,"ftype":4},"15":{"furn_id":15,"num_seats":2,"seat_places":[],"seat_type":32,"whiteboard":[],"total_occupants":0,"modified":false,"degree_offset":0,"x":92.5,"y":326,"ftype":4},"16":{"furn_id":16,"num_seats":3,"seat_places":[],"seat_type":32,"whiteboard":[],"total_occupants":0,"modified":false,"degree_offset":0,"x":108,"y":333},"17":{"furn_id":17,"num_seats":2,"seat_places":[],"seat_type":32,"whiteboard":[],"total_occupants":0,"modified":false,"degree_offset":0,"x":108,"y":315,"ftype":10},"18":{"furn_id":18,"num_seats":4,"seat_places":[],"seat_type":32,"whiteboard":[],"total_occupants":0,"modified":false,"degree_offset":0,"x":102,"y":300},"19":{"furn_id":19,"num_seats":4,"seat_places":[],"seat_type":32,"whiteboard":[],"total_occupants":0,"modified":false,"degree_offset":0,"x":115,"y":300},"20":{"furn_id":20,"num_seats":4,"seat_places":[],"seat_type":32,"whiteboard":[],"total_occupants":0,"modified":false,"degree_offset":0,"x":102,"y":290},"21":{"furn_id":21,"num_seats":4,"seat_places":[],"seat_type":32,"whiteboard":[],"total_occupants":0,"modified":false,"degree_offset":0,"x":115,"y":290},"22":{"furn_id":22,"num_seats":2,"seat_places":[],"seat_type":32,"whiteboard":[],"total_occupants":0,"modified":false,"degree_offset":0,"x":98,"y":278,"ftype":10},"23":{"furn_id":23,"num_seats":2,"seat_places":[],"seat_type":32,"whiteboard":[],"total_occupants":0,"modified":false,"degree_offset":0,"x":107,"y":278,"ftype":10},"24":{"furn_id":24,"num_seats":2,"seat_places":[],"seat_type":32,"whiteboard":[],"total_occupants":0,"modified":false,"degree_offset":0,"x":116,"y":278,"ftype":10},"25":{"furn_id":25,"num_seats":3,"seat_places":[],"seat_type":32,"whiteboard":[],"total_occupants":0,"modified":false,"degree_offset":0,"x":58,"y":325},"26":{"furn_id":26,"num_seats":3,"seat_places":[],"seat_type":32,"whiteboard":[],"total_occupants":0,"modified":false,"degree_offset":0,"x":58,"y":318},"27":{"furn_id":27,"num_seats":4,"seat_places":[],"seat_type":32,"whiteboard":[],"total_occupants":0,"modified":false,"degree_offset":0,"x":71,"y":331,"ftype":10},"28":{"furn_id":28,"num_seats":4,"seat_places":[],"seat_type":32,"whiteboard":[],"total_occupants":0,"modified":false,"degree_offset":0,"x":78,"y":322,"ftype":10},"29":{"furn_id":29,"num_seats":4,"seat_places":[],"seat_type":32,"whiteboard":[],"total_occupants":0,"modified":false,"degree_offset":0,"x":71,"y":313},"30":{"furn_id":30,"num_seats":4,"seat_places":[],"seat_type":32,"whiteboard":[],"total_occupants":0,"modified":false,"degree_offset":45,"x":78,"y":304},"31":{"furn_id":31,"num_seats":4,"seat_places":[],"seat_type":32,"whiteboard":[],"total_occupants":0,"modified":false,"degree_offset":0,"x":71,"y":295},"32":{"furn_id":32,"num_seats":4,"seat_places":[],"seat_type":32,"whiteboard":[],"total_occupants":0,"modified":false,"degree_offset":45,"x":78,"y":286},"33":{"furn_id":33,"num_seats":4,"seat_places":[],"seat_type":32,"whiteboard":[],"total_occupants":0,"modified":false,"degree_offset":0,"x":71,"y":277},"34":{"furn_id":34,"num_seats":2,"seat_places":[],"seat_type":32,"whiteboard":[],"total_occupants":0,"modified":false,"degree_offset":0,"x":61,"y":297,"ftype":4},"35":{"furn_id":35,"num_seats":2,"seat_places":[],"seat_type":32,"whiteboard":[],"total_occupants":0,"modified":false,"degree_offset":0,"x":61,"y":290,"ftype":4},"36":{"furn_id":36,"num_seats":2,"seat_places":[],"seat_type":32,"whiteboard":[],"total_occupants":0,"modified":false,"degree_offset":0,"x":61,"y":283,"ftype":4},"37":{"furn_id":37,"num_seats":2,"seat_places":[],"seat_type":32,"whiteboard":[],"total_occupants":0,"modified":false,"degree_offset":0,"x":56,"y":197,"ftype":4},"38":{"furn_id":38,"num_seats":2,"seat_places":[],"seat_type":32,"whiteboard":[],"total_occupants":0,"modified":false,"degree_offset":0,"x":56,"y":190,"ftype":4},"39":{"furn_id":39,"num_seats":2,"seat_places":[],"seat_type":32,"whiteboard":[],"total_occupants":0,"modified":false,"degree_offset":90,"x":63,"y":176,"ftype":4},"40":{"furn_id":40,"num_seats":2,"seat_places":[],"seat_type":32,"whiteboard":[],"total_occupants":0,"modified":false,"degree_offset":0,"x":75,"y":178,"ftype":4},"42":{"furn_id":42,"num_seats":2,"seat_places":[],"seat_type":32,"whiteboard":[],"total_occupants":0,"modified":false,"degree_offset":90,"x":80,"y":176,"ftype":4},"43":{"furn_id":43,"num_seats":2,"seat_places":[],"seat_type":32,"whiteboard":[],"total_occupants":0,"modified":false,"degree_offset":0,"x":85,"y":178,"ftype":4},"44":{"furn_id":44,"num_seats":2,"seat_places":[],"seat_type":32,"whiteboard":[],"total_occupants":0,"modified":false,"degree_offset":0,"x":89,"y":178,"ftype":4},"45":{"furn_id":45,"num_seats":2,"seat_places":[],"seat_type":32,"whiteboard":[],"total_occupants":0,"modified":false,"degree_offset":90,"x":94,"y":176,"ftype":4},"46":{"furn_id":46,"num_seats":2,"seat_places":[],"seat_type":32,"whiteboard":[],"total_occupants":0,"modified":false,"degree_offset":0,"x":99,"y":178,"ftype":4},"47":{"furn_id":47,"num_seats":2,"seat_places":[],"seat_type":32,"whiteboard":[],"total_occupants":0,"modified":false,"degree_offset":0,"x":107,"y":178,"ftype":4},"48":{"furn_id":48,"num_seats":2,"seat_places":[],"seat_type":32,"whiteboard":[],"total_occupants":0,"modified":false,"degree_offset":90,"x":112,"y":176,"ftype":4},"49":{"furn_id":49,"num_seats":2,"seat_places":[],"seat_type":32,"whiteboard":[],"total_occupants":0,"modified":false,"degree_offset":0,"x":117,"y":178,"ftype":4},"50":{"furn_id":50,"num_seats":4,"seat_places":[],"seat_type":32,"whiteboard":[],"total_occupants":0,"modified":false,"degree_offset":-45,"x":80,"y":217.5,"ftype":4},"51":{"furn_id":51,"num_seats":4,"seat_places":[],"seat_type":32,"whiteboard":[],"total_occupants":0,"modified":false,"degree_offset":-45,"x":85,"y":212.5,"ftype":4},"52":{"furn_id":52,"num_seats":3,"seat_places":[],"seat_type":32,"whiteboard":[],"total_occupants":0,"modified":false,"degree_offset":-45,"x":103,"y":227.5,"ftype":4},"53":{"furn_id":53,"num_seats":3,"seat_places":[],"seat_type":32,"whiteboard":[],"total_occupants":0,"modified":false,"degree_offset":-45,"x":108,"y":222.5,"ftype":4},"54":{"furn_id":54,"num_seats":3,"seat_places":[],"seat_type":32,"whiteboard":[],"total_occupants":0,"modified":false,"degree_offset":-45,"x":113,"y":217.5,"ftype":4},"55":{"furn_id":55,"num_seats":3,"seat_places":[],"seat_type":32,"whiteboard":[],"total_occupants":0,"modified":false,"degree_offset":-45,"x":118,"y":212.5,"ftype":4},"56":{"furn_id":56,"num_seats":3,"seat_places":[],"seat_type":32,"whiteboard":[],"total_occupants":0,"modified":false,"degree_offset":-45,"x":136,"y":227.5,"ftype":4},"57":{"furn_id":57,"num_seats":3,"seat_places":[],"seat_type":32,"whiteboard":[],"total_occupants":0,"modified":false,"degree_offset":-45,"x":141,"y":222.5,"ftype":4},"58":{"furn_id":58,"num_seats":3,"seat_places":[],"seat_type":32,"whiteboard":[],"total_occupants":0,"modified":false,"degree_offset":-45,"x":146,"y":217.5,"ftype":4},"59":{"furn_id":59,"num_seats":3,"seat_places":[],"seat_type":32,"whiteboard":[],"total_occupants":0,"modified":false,"degree_offset":-45,"x":151,"y":212.5,"ftype":4},"60":{"furn_id":60,"num_seats":2,"seat_places":[],"seat_type":32,"whiteboard":[],"total_occupants":0,"modified":false,"degree_offset":0,"x":262,"y":238},"61":{"furn_id":61,"num_seats":2,"seat_places":[],"seat_type":32,"whiteboard":[],"total_occupants":0,"modified":false,"degree_offset":0,"x":272,"y":238},"62":{"furn_id":62,"num_seats":2,"seat_places":[],"seat_type":32,"whiteboard":[],"total_occupants":0,"modified":false,"degree_offset":0,"x":282,"y":238},"63":{"furn_id":63,"num_seats":2,"seat_places":[],"seat_type":32,"whiteboard":[],"total_occupants":0,"modified":false,"degree_offset":0,"x":294,"y":238},"64":{"furn_id":64,"num_seats":2,"seat_places":[],"seat_type":32,"whiteboard":[],"total_occupants":0,"modified":false,"degree_offset":0,"x":314,"y":238},"65":{"furn_id":65,"num_seats":2,"seat_places":[],"seat_type":32,"whiteboard":[],"total_occupants":0,"modified":false,"degree_offset":0,"x":326,"y":238},"66":{"furn_id":66,"num_seats":2,"seat_places":[],"seat_type":32,"whiteboard":[],"total_occupants":0,"modified":false,"degree_offset":0,"x":332,"y":238},"67":{"furn_id":67,"num_seats":4,"seat_places":[],"seat_type":32,"whiteboard":[],"total_occupants":0,"modified":false,"degree_offset":0,"x":200,"y":269,"ftype":16},"68":{"furn_id":68,"num_seats":4,"seat_places":[],"seat_type":32,"whiteboard":[],"total_occupants":0,"modified":false,"degree_offset":0,"x":250,"y":220,"ftype":16},"69":{"furn_id":69,"num_seats":4,"seat_places":[],"seat_type":32,"whiteboard":[],"total_occupants":0,"modified":false,"degree_offset":0,"x":155,"y":180,"ftype":16},"70":{"furn_id":70,"num_seats":4,"seat_places":[],"seat_type":32,"whiteboard":[],"total_occupants":0,"modified":false,"degree_offset":0,"x":155,"y":168,"ftype":16},"71":{"furn_id":71,"num_seats":2,"seat_places":[],"seat_type":32,"whiteboard":[],"total_occupants":0,"modified":false,"degree_offset":0,"x":125,"y":167,"ftype":4},"72":{"furn_id":72,"num_seats":2,"seat_places":[],"seat_type":32,"whiteboard":[],"total_occupants":0,"modified":false,"degree_offset":0,"x":215,"y":240,"ftype":10}}},{"Floor Two":{"73":{"furn_id":73,"num_seats":7,"seat_places":[{"seatPos":0,"activity":[],"occupied":true},{"seatPos":1,"activity":[],"occupied":true},{"seatPos":2,"activity":[],"occupied":true},{"seatPos":3,"activity":[],"occupied":true},{"seatPos":4,"activity":[],"occupied":true},{"seatPos":5,"activity":[],"occupied":false},{"seatPos":6,"activity":[],"occupied":false}],"seat_type":32,"whiteboard":[],"total_occupants":0,"modified":false,"degree_offset":90,"x":405,"y":248,"ftype":5},"74":{"furn_id":74,"num_seats":7,"seat_places":[],"seat_type":32,"whiteboard":[],"total_occupants":0,"modified":false,"degree_offset":0,"x":418,"y":240,"ftype":5},"75":{"furn_id":75,"num_seats":7,"seat_places":[],"seat_type":32,"whiteboard":[],"total_occupants":0,"modified":false,"degree_offset":0,"x":422,"y":240,"ftype":5},"76":{"furn_id":76,"num_seats":7,"seat_places":[],"seat_type":32,"whiteboard":[],"total_occupants":0,"modified":false,"degree_offset":90,"x":438,"y":248,"ftype":5},"77":{"furn_id":77,"num_seats":7,"seat_places":[{"seatPos":0,"activity":[],"occupied":true},{"seatPos":1,"activity":[],"occupied":true},{"seatPos":2,"activity":[],"occupied":true},{"seatPos":3,"activity":[],"occupied":true},{"seatPos":4,"activity":[],"occupied":false},{"seatPos":5,"activity":[],"occupied":false},{"seatPos":6,"activity":[],"occupied":false}],"seat_type":32,"whiteboard":[],"total_occupants":0,"modified":false,"degree_offset":0,"x":448,"y":236,"ftype":5},"78":{"furn_id":78,"num_seats":7,"seat_places":[{"seatPos":0,"activity":[],"occupied":true},{"seatPos":1,"activity":[],"occupied":true},{"seatPos":2,"activity":[],"occupied":true},{"seatPos":3,"activity":[],"occupied":true},{"seatPos":4,"activity":[],"occupied":false},{"seatPos":5,"activity":[],"occupied":false},{"seatPos":6,"activity":[],"occupied":false}],"seat_type":32,"whiteboard":[],"total_occupants":0,"modified":false,"degree_offset":0,"x":401,"y":225,"ftype":5},"79":{"furn_id":79,"num_seats":7,"seat_places":[],"seat_type":32,"whiteboard":[],"total_occupants":0,"modified":false,"degree_offset":0,"x":406,"y":225,"ftype":5}}},{"Floor Three":{"80":{"furn_id":80,"num_seats":3,"seat_places":[],"seat_type":32,"whiteboard":[],"total_occupants":0,"modified":false,"degree_offset":0,"x":447,"y":175,"ftype":19},"81":{"furn_id":81,"num_seats":3,"seat_places":[],"seat_type":32,"whiteboard":[],"total_occupants":0,"modified":false,"degree_offset":0,"x":460,"y":175,"ftype":19},"82":{"furn_id":82,"num_seats":3,"seat_places":[],"seat_type":32,"whiteboard":[],"total_occupants":0,"modified":false,"degree_offset":0,"x":475,"y":175,"ftype":19},"83":{"furn_id":83,"num_seats":3,"seat_places":[],"seat_type":32,"whiteboard":[],"total_occupants":0,"modified":false,"degree_offset":180,"x":447,"y":210,"ftype":19},"84":{"furn_id":84,"num_seats":3,"seat_places":[],"seat_type":32,"whiteboard":[],"total_occupants":0,"modified":false,"degree_offset":180,"x":460,"y":210,"ftype":19},"85":{"furn_id":85,"num_seats":3,"seat_places":[],"seat_type":32,"whiteboard":[],"total_occupants":0,"modified":false,"degree_offset":180,"x":475,"y":210,"ftype":19},"86":{"furn_id":86,"num_seats":3,"seat_places":[],"seat_type":32,"whiteboard":[],"total_occupants":0,"modified":false,"degree_offset":180,"x":432,"y":210,"ftype":19},"87":{"furn_id":87,"num_seats":3,"seat_places":[],"seat_type":32,"whiteboard":[],"total_occupants":0,"modified":false,"degree_offset":180,"x":353.75,"y":205,"ftype":19},"88":{"furn_id":88,"num_seats":3,"seat_places":[],"seat_type":32,"whiteboard":[],"total_occupants":0,"modified":false,"degree_offset":180,"x":287,"y":205,"ftype":4},"89":{"furn_id":89,"num_seats":2,"seat_places":[],"seat_type":32,"whiteboard":[],"total_occupants":0,"modified":false,"degree_offset":180,"x":287,"y":190,"ftype":4},"90":{"furn_id":90,"num_seats":2,"seat_places":[],"seat_type":32,"whiteboard":[],"total_occupants":0,"modified":false,"degree_offset":180,"x":294,"y":205,"ftype":4},"91":{"furn_id":91,"num_seats":2,"seat_places":[],"seat_type":32,"whiteboard":[],"total_occupants":0,"modified":false,"degree_offset":180,"x":294,"y":190,"ftype":4},"92":{"furn_id":92,"num_seats":2,"seat_places":[],"seat_type":32,"whiteboard":[],"total_occupants":0,"modified":false,"degree_offset":180,"x":315,"y":202,"ftype":4},"93":{"furn_id":93,"num_seats":2,"seat_places":[{"seatPos":0,"activity":[],"occupied":true},{"seatPos":1,"activity":[],"occupied":true}],"seat_type":32,"whiteboard":[],"total_occupants":0,"modified":false,"degree_offset":180,"x":315,"y":187,"ftype":4}}},{"Time Start":"2022-04-01T21:32:09.059Z"},{"Time End":"2022-04-01T21:53:29.297Z"}]