{
    "Layout" : true,
    "Floor 1": {
        "0":{
            "fid": 1,
            "num_seats": 3,
            "x": 181.25,
            "y": 333.5,
            "ftype": 10,
            "degree_offset": 0
        },
        "1":{
            "fid": 2,
            "num_seats": 3,
            "x": 170,
            "y": 324,
            "ftype": 10,
            "degree_offset": 0
        },
        "2":{
            "fid": 3,
            "num_seats": 3,
            "x": 176.25,
            "y": 306,
            "ftype": 10,
            "degree_offset": 0
        },
        "3":{
            "fid": 4,
            "num_seats": 3,
            "x": 167,
            "y": 289,
            "ftype": 10,
            "degree_offset": 0
        },
        "4":{
            "fid": 5,
            "num_seats": 4,
            "x": 150,
            "y": 310.75,
            "ftype": 10,
            "degree_offset": 0
        },
        "5":{
            "fid": 6,
            "num_seats": 4,
            "x": 138,
            "y": 330,
            "ftype": 10,
            "degree_offset": 0
        },
        "6":{
            "fid": 7,
            "num_seats": 2,
            "x": 160,
            "y": 303,
            "ftype": 4,
            "degree_offset": 90
        },
        "7":{
            "fid": 8,
            "num_seats": 2,
            "x": 160,
            "y": 299.5,
            "ftype": 4,
            "degree_offset": 90
        },
        "8":{
            "fid": 9,
            "num_seats": 2,
            "x": 126,
            "y": 338,
            "ftype": 4,
            "degree_offset": 0
        },
        "9":{
            "fid": 10,
            "num_seats": 2,
            "x": 126,
            "y": 331,
            "ftype": 4,
            "degree_offset": 0
        },
        "10":{
            "fid": 11,
            "num_seats": 2,
            "x": 126,
            "y": 324,
            "ftype": 4,
            "degree_offset": 0
        },
        "11":{
            "fid": 12,
            "num_seats": 2,
            "x": 122.5,
            "y": 333,
            "ftype": 4,
            "degree_offset": 0
        },
        "12":{
            "fid": 13,
            "num_seats": 2,
            "x": 122.5,
            "y": 326,
            "ftype": 4,
            "degree_offset": 0
        },
        "13":{
            "fid": 14,
            "num_seats": 2,
            "x": 92.5,
            "y": 333,
            "ftype": 4,
            "degree_offset": 0
        },
        "14":{
            "fid": 15,
            "num_seats": 2,
            "x": 92.5,
            "y": 326,
            "ftype": 4,
            "degree_offset": 0
        },
        "15":{
            "fid": 16,
            "num_seats": 3,
            "x": 108,
            "y": 333,
            "degree_offset": 0
        },
        "16":{
            "fid": 17,
            "num_seats": 2,
            "x": 108,
            "y": 315,
            "ftype": 10,
            "degree_offset": 0
        },
        "17":{
            "fid": 18,
            "num_seats": 4,
            "x": 102,
            "y": 300,
            "degree_offset": 0
        },
        "18":{
            "fid": 19,
            "num_seats": 4,
            "x": 115,
            "y":300,
            "degree_offset": 0
        },
        "19":{
            "fid": 20,
            "num_seats": 4,
            "x": 102,
            "y": 290,
            "degree_offset": 0
        },
        "20":{
            "fid":21,
            "num_seats": 4,
            "x": 115,
            "y": 290,
            "degree_offset": 0
        },
        "21":{
            "fid": 22,
            "num_seats": 2,
            "x": 98,
            "y": 278,
            "ftype": 10,
            "degree_offset": 0
        },
        "22":{
            "fid": 23,
            "num_seats": 2,
            "x": 107,
            "y": 278,
            "ftype": 10,
            "degree_offset": 0
        },
        "23":{
            "fid": 24,
            "num_seats": 2,
            "x": 116,
            "y": 278,
            "ftype": 10,
            "degree_offset": 0
        },
        "24":{
            "fid": 25,
            "num_seats": 3,
            "x": 58,
            "y": 325,
            "degree_offset": 0
        },
        "25":{
            "fid": 26,
            "num_seats": 3,
            "x": 58,
            "y": 318,
            "degree_offset": 0
        },
        "26":{
            "fid": 27,
            "num_seats": 4,
            "x": 71,
            "y": 331,
            "ftype": 10,
            "degree_offset": 0
        },
        "27":{
            "fid": 28,
            "num_seats": 4,
            "x": 78,
            "y": 322,
            "ftype": 10,
            "degree_offset": 0
        },
        "28":{
            "fid": 29,
            "num_seats": 4,
            "x": 71,
            "y": 313,
            "degree_offset": 0
        },
        "29":{
            "fid": 30,
            "num_seats": 4,
            "x": 78,
            "y": 304,
            "degree_offset": 45
        },
        "30":{
            "fid": 31,
            "num_seats": 4,
            "x": 71,
            "y": 295,
            "degree_offset": 0
        },
        "31":{
            "fid": 32,
            "num_seats": 4,
            "x": 78,
            "y": 286,
            "degree_offset": 45
        },
        "32":{
            "fid": 33,
            "num_seats": 4,
            "x": 71,
            "y": 277,
            "degree_offset": 0
        },
        "33":{
            "fid": 34,
            "num_seats": 2,
            "x": 61,
            "y": 297,
            "ftype": 4,
            "degree_offset": 0
        },
        "34":{
            "fid": 35,
            "num_seats": 2,
            "x": 61,
            "y": 290,
            "ftype": 4,
            "degree_offset": 0
        },
        "35":{
            "fid": 36,
            "num_seats": 2,
            "x": 61,
            "y": 283,
            "ftype": 4,
            "degree_offset": 0
        },
        "36":{
            "fid": 37,
            "num_seats": 2,
            "x": 56,
            "y": 197,
            "ftype": 4,
            "degree_offset": 0
        },
        "37":{
            "fid": 38,
            "num_seats": 2,
            "x": 56,
            "y": 190,
            "ftype": 4,
            "degree_offset": 0
        },
        "38":{
            "fid": 39,
            "num_seats": 2,
            "x": 63,
            "y": 176,
            "ftype": 4,
            "degree_offset": 90
        },
        "39":{
            "fid": 40,
            "num_seats": 2,
            "x": 68,
            "y": 178,
            "ftype": 4,
            "degree_offset": 0
        },
        "40":{
            "fid": 40,
            "num_seats": 2,
            "x": 75,
            "y": 178,
            "ftype": 4,
            "degree_offset": 0
        },
        "41":{
            "fid": 42,
            "num_seats": 2,
            "x": 80,
            "y": 176,
            "ftype": 4,
            "degree_offset": 90
        },
        "42":{
            "fid": 43,
            "num_seats": 2,
            "x": 85,
            "y": 178,
            "ftype": 4,
            "degree_offset": 0
        },
        "43":{
            "fid": 44,
            "num_seats": 2,
            "x": 89,
            "y": 178,
            "ftype": 4,
            "degree_offset": 0
        },
        "44":{
            "fid": 45,
            "num_seats": 2,
            "x": 94,
            "y": 176,
            "ftype": 4,
            "degree_offset": 90
        },
        "45":{
            "fid": 46,
            "num_seats": 2,
            "x": 99,
            "y": 178,
            "ftype": 4,
            "degree_offset": 0
        },
        "46":{
            "fid": 47,
            "num_seats": 2,
            "x": 107,
            "y": 178,
            "ftype": 4,
            "degree_offset": 0
        },
        "47":{
            "fid": 48,
            "num_seats": 2,
            "x": 112,
            "y": 176,
            "ftype": 4,
            "degree_offset": 90
        },
        "48":{
            "fid": 49,
            "num_seats": 2,
            "x": 117,
            "y": 178,
            "ftype": 4,
            "degree_offset": 0
        },
        "49":{
            "fid": 50,
            "num_seats": 4,
            "x": 80,
            "y": 217.5,
            "ftype": 4,
            "degree_offset": -45
        },
        "50":{
            "fid": 51,
            "num_seats": 4,
            "x": 85,
            "y": 212.5,
            "ftype": 4,
            "degree_offset": -45
        },
        "51":{
            "fid": 52,
            "num_seats": 3,
            "x": 103,
            "y": 227.5,
            "ftype": 4,
            "degree_offset": -45
        },
        "52":{
            "fid": 53,
            "num_seats": 3,
            "x": 108,
            "y": 222.5,
            "ftype": 4,
            "degree_offset": -45
        },
        "53":{
            "fid": 54,
            "num_seats": 3,
            "x": 113,
            "y": 217.5,
            "ftype": 4,
            "degree_offset": -45
        },
        "54":{
            "fid": 55,
            "num_seats": 3,
            "x": 118,
            "y": 212.5,
            "ftype": 4,
            "degree_offset": -45
        },
        "55":{
            "fid": 56,
            "num_seats": 3,
            "x": 136,
            "y": 227.5,
            "ftype": 4,
            "degree_offset": -45
        },
        "56":{
            "fid": 57,
            "num_seats": 3,
            "x": 141,
            "y": 222.5,
            "ftype": 4,
            "degree_offset": -45
        },
        "57":{
            "fid": 58,
            "num_seats": 3,
            "x": 146,
            "y": 217.5,
            "ftype": 4,
            "degree_offset": -45
        },
        "58":{
            "fid": 59,
            "num_seats": 3,
            "x": 151,
            "y": 212.5,
            "ftype": 4,
            "degree_offset": -45
        },
        "59":{
            "fid": 60,
            "num_seats": 2,
            "x": 262,
            "y": 238,
            "degree_offset": 0
        },
        "60":{
            "fid": 61,
            "num_seats": 2,
            "x": 272,
            "y": 238,
            "degree_offset": 0
        },
        "61":{
            "fid": 62,
            "num_seats": 2,
            "x": 282,
            "y": 238,
            "degree_offset": 0
        },
        "62":{
            "fid": 63,
            "num_seats": 2,
            "x": 294,
            "y": 238,
            "degree_offset": 0
        },
        "63":{
            "fid": 64,
            "num_seats": 2,
            "x": 314,
            "y": 238,
            "degree_offset": 0
        },
        "64":{
            "fid": 65,
            "num_seats": 2,
            "x": 326,
            "y": 238,
            "degree_offset": 0
        },
        "65":{
            "fid": 66,
            "num_seats": 2,
            "x": 332,
            "y": 238,
            "degree_offset": 0
        },
        "66":{
            "fid": 67,
            "num_seats": 4,
            "x": 200,
            "y": 269,
            "ftype": 16,
            "degree_offset": 0
        },
        "67":{
            "fid": 68,
            "num_seats": 4,
            "x": 250,
            "y": 220,
            "ftype": 16,
            "degree_offset": 0
        },
        "68":{
            "fid": 69,
            "num_seats": 4,
            "x": 155,
            "y": 180,
            "ftype": 16,
            "degree_offset": 0
        },
        "69":{
            "fid": 70,
            "num_seats": 4,
            "x": 155,
            "y": 168,
            "ftype": 16,
            "degree_offset": 0
        },
        "70":{
            "fid": 71,
            "num_seats": 2,
            "x": 125,
            "y": 167,
            "ftype": 4,
            "degree_offset": 0
        },
        "71":{
            "fid": 72,
            "num_seats": 2,
            "x": 215,
            "y": 240,
            "ftype": 10,
            "degree_offset": 0
        },
        "72":{
            "fid": 73,
            "num_seats": 3,
            "x": 106,
            "y": 268,
            "ftype": 13,
            "degree_offset": 0
        },
        "73":{
            "fid": 74,
            "num_seats": 3,
            "x": 160,
            "y": 278,
            "ftype": 13,
            "degree_offset": 90
        },
        "74":{
            "fid": 75,
            "num_seats": 2,
            "x": 231,
            "y": 234,
            "ftype": 10,
            "degree_offset": 0
        },
        "75":{
            "fid": 76,
            "num_seats": 3,
            "x": 270,
            "y": 222,
            "ftype": 10,
            "degree_offset": 0
        },
        "76":{
            "fid": 77,
            "num_seats": 3,
            "x": 290,
            "y": 222,
            "ftype": 10,
            "degree_offset": 0
        },
        "77":{
            "fid": 78,
            "num_seats": 4,
            "x": 280,
            "y": 206,
            "degree_offset": 0
        },
        "78":{
            "fid": 79,
            "num_seats": 4,
            "x": 263,
            "y": 206,
            "degree_offset": 0
        },
        "79":{
            "fid": 79,
            "num_seats": 6,
            "x": 320,
            "y": 222,
            "degree_offset": 0
        },
        "80":{
            "fid": 81,
            "num_seats": 2,
            "x": 260,
            "y": 220,
            "ftype": 9,
            "degree_offset": 0
        },
        "81":{
            "fid": 82,
            "num_seats": 2,
            "x": 260,
            "y": 214,
            "ftype": 9,
            "degree_offset": 0
        },
        "82":{
            "fid": 83,
            "num_seats": 2,
            "x": 301,
            "y": 223,
            "ftype": 9,
            "degree_offset": 0
        },
        "83":{
            "fid": 84,
            "num_seats": 2,
            "x": 308,
            "y": 223,
            "ftype": 9,
            "degree_offset": 0
        },
        "84":{
            "fid": 85,
            "num_seats": 2,
            "x": 287,
            "y": 137,
            "ftype": 12,
            "degree_offset": 0
        },
        "85":{
            "fid": 86,
            "num_seats": 2,
            "x": 280,
            "y": 148,
            "ftype": 12,
            "degree_offset": 90
        },
        "86":{
            "fid": 87,
            "num_seats": 2,
            "x": 292,
            "y": 148,
            "ftype": 12,
            "degree_offset": 90
        },
        "87":{
            "fid": 88,
            "num_seats": 1,
            "x": 287,
            "y": 155,
            "ftype": 12,
            "degree_offset": 0
        },
        "88":{
            "fid": 89,
            "num_seats": 3,
            "x": 150,
            "y": 338,
            "degree_offset": 0
        },
        "89":{
            "fid": 90,
            "num_seats": 3,
            "x": 168,
            "y": 333,
            "degree_offset": 0
        },
        "90":{
            "fid": 91,
            "num_seats": 4,
            "x": 148,
            "y": 326,
            "ftype": 10,
            "degree_offset": 0
        },
        "91":{
            "fid": 92,
            "num_seats": 4,
            "x": 138,
            "y": 318,
            "ftype": 10,
            "degree_offset": 0
        }
    },
    "Floor 2": {
        "0":{
            "fid": 93,
            "num_seats": 8,
            "x": 214,
            "y": 338,
            "ftype": 5,
            "degree_offset": 0
        },
        "1":{
            "fid": 94,
            "num_seats": 4,
            "x": 200,
            "y": 338,
            "ftype": 5,
            "degree_offset": 0
        },
        "2":{
            "fid": 95,
            "num_seats": 4,
            "x": 192,
            "y": 298,
            "ftype": 10,
            "degree_offset": 0
        },
        "3":{
            "fid": 96,
            "num_seats": 4,
            "x": 192,
            "y": 278,
            "ftype": 10,
            "degree_offset": 0
        },
        "4":{
            "fid": 97,
            "num_seats": 4,
            "x": 214,
            "y": 288,
            "ftype": 10,
            "degree_offset": 0
        },
        "5":{
            "fid": 98,
            "num_seats": 4,
            "x": 214,
            "y": 258,
            "ftype": 10,
            "degree_offset": 0
        },
        "6":{
            "fid": 99,
            "num_seats": 2,
            "x": 177,
            "y": 333,
            "ftype": 4,
            "degree_offset": 90
        },
        "7":{
            "fid": 100,
            "num_seats": 2,
            "x": 168,
            "y": 333,
            "ftype": 4,
            "degree_offset": 90
        },
        "8":{
            "fid": 101,
            "num_seats": 2,
            "x": 144,
            "y": 338,
            "ftype": 4,
            "degree_offset": 90
        },
        "9":{
            "fid": 102,
            "num_seats": 2,
            "x": 135,
            "y": 338,
            "ftype": 4,
            "degree_offset": 90
        },
        "10":{
            "fid": 103,
            "num_seats": 2,
            "x": 112,
            "y": 333,
            "ftype": 4,
            "degree_offset": 90
        },
        "11":{
            "fid": 104,
            "num_seats": 2,
            "x": 103,
            "y": 333,
            "degree_offset": 90
        },
        "14":{
            "fid": 107,
            "num_seats": 2,
            "x": 144,
            "y": 107,
            "ftype": 4,
            "degree_offset": 90
        },
        "15":{
            "fid": 108,
            "num_seats": 2,
            "x": 135,
            "y": 107,
            "ftype": 4,
            "degree_offset": 90
        },
        "16":{
            "fid": 109,
            "num_seats": 2,
            "x": 112,
            "y": 112,
            "ftype": 4,
            "degree_offset": 90
        },
        "17":{
            "fid": 110,
            "num_seats": 2,
            "x": 103,
            "y": 112,
            "ftype": 4,
            "degree_offset": 90
        },
        "18":{
            "fid": 111,
            "num_seats": 2,
            "x": 80,
            "y": 107,
            "ftype": 4,
            "degree_offset": 90
        },
        "19":{
            "fid": 112,
            "num_seats": 2,
            "x": 71,
            "y": 107,
            "ftype": 4,
            "degree_offset": 90
        },
        "20":{
            "fid": 113,
            "num_seats": 2,
            "x": 57,
            "y": 327,
            "ftype": 4,
            "degree_offset": 0
        },
        "21":{
            "fid": 114,
            "num_seats": 2,
            "x": 57,
            "y": 319,
            "ftype": 4,
            "degree_offset": 0
        },
        "22":{
            "fid": 115,
            "num_seats": 2,
            "x": 62,
            "y": 294,
            "ftype": 4,
            "degree_offset": 0
        },
        "23":{
            "fid": 116,
            "num_seats": 2,
            "x": 62,
            "y": 286,
            "ftype": 4,
            "degree_offset": 0
        },
        "24":{
            "fid": 117,
            "num_seats": 2,
            "x": 57,
            "y": 260,
            "ftype": 4,
            "degree_offset": 0
        },
        "25":{
            "fid": 118,
            "num_seats": 2,
            "x": 57,
            "y": 252,
            "ftype": 4,
            "degree_offset": 0
        },
        "26":{
            "fid": 119,
            "num_seats": 2,
            "x": 62,
            "y": 227,
            "ftype": 4,
            "degree_offset": 0
        },
        "27":{
            "fid": 120,
            "num_seats": 2,
            "x": 62,
            "y": 219,
            "ftype": 4,
            "degree_offset": 0
        },
        "28":{
            "fid": 121,
            "num_seats": 2,
            "x": 57,
            "y": 193,
            "ftype": 4,
            "degree_offset": 0
        },
        "29":{
            "fid": 122,
            "num_seats": 2,
            "x": 57,
            "y": 185,
            "ftype": 4,
            "degree_offset": 0
        },
        "30":{
            "fid": 123,
            "num_seats": 2,
            "x": 62,
            "y": 160,
            "ftype": 4,
            "degree_offset": 0
        },
        "31":{
            "fid": 124,
            "num_seats": 2,
            "x": 62,
            "y": 152,
            "ftype": 4,
            "degree_offset": 0
        },
        "32":{
            "fid": 125,
            "num_seats": 4,
            "x": 192,
            "y": 265,
            "ftype": 10,
            "degree_offset": 0
        },
        "33":{
            "fid": 126,
            "num_seats": 16,
            "x": 262,
            "y": 236,
            "ftype": 5,
            "degree_offset": 0
        },
        "34":{
            "fid": 127,
            "num_seats": 16,
            "x": 278,
            "y": 236,
            "ftype": 5,
            "degree_offset": 0
        },
        "35":{
            "fid": 128,
            "num_seats": 16,
            "x": 295,
            "y": 236,
            "ftype": 5,
            "degree_offset": 0
        },
        "36":{
            "fid": 129,
            "num_seats": 16,
            "x": 311,
            "y": 236,
            "ftype": 5,
            "degree_offset": 0
        },
        "37":{
            "fid": 130,
            "num_seats": 16,
            "x": 332,
            "y": 236,
            "ftype": 5,
            "degree_offset": 0
        },
        "38":{
            "fid": 131,
            "num_seats": 3,
            "x": 281,
            "y": 207,
            "ftype": 19,
            "degree_offset": -90
        },
        "39":{
            "fid": 132,
            "num_seats": 3,
            "x": 293,
            "y": 207,
            "ftype": 19,
            "degree_offset": 90
        },
        "40":{
            "fid": 133,
            "num_seats": 3,
            "x": 313,
            "y": 207,
            "ftype": 19,
            "degree_offset": -90
        },
        "41":{
            "fid": 134,
            "num_seats": 3,
            "x": 325,
            "y": 207,
            "ftype": 19,
            "degree_offset": 90
        },
        "42":{
            "fid": 135,
            "num_seats": 3,
            "x": 281,
            "y": 174,
            "ftype": 19,
            "degree_offset": -90
        },
        "44":{
            "fid": 136,
            "num_seats": 3,
            "x": 295,
            "y": 179,
            "ftype": 19,
            "degree_offset": 0
        },
        "45":{
            "fid": 137,
            "num_seats": 3,
            "x": 295,
            "y": 170,
            "ftype": 19,
            "degree_offset": 180
        },
        "46":{
            "fid": 138,
            "num_seats": 3,
            "x": 312,
            "y": 179,
            "ftype": 19,
            "degree_offset": 0
        },
        "47":{
            "fid": 139,
            "num_seats": 3,
            "x": 312,
            "y": 170,
            "ftype": 19,
            "degree_offset": 180
        },
        "48":{
            "fid": 140,
            "num_seats": 3,
            "x": 327,
            "y": 179,
            "ftype": 19,
            "degree_offset": 0
        },
        "49":{
            "fid": 141,
            "num_seats": 3,
            "x": 327,
            "y": 170,
            "ftype": 19,
            "degree_offset": 180
        },
        "50":{
            "fid": 142,
            "num_seats": 3,
            "x": 344,
            "y": 179,
            "ftype": 19,
            "degree_offset": 0
        },
        "51":{
            "fid": 143,
            "num_seats": 3,
            "x": 344,
            "y": 170,
            "ftype": 19,
            "degree_offset": 180
        },
        "52":{
            "fid": 144,
            "num_seats": 3,
            "x": 379,
            "y": 174,
            "ftype": 16,
            "degree_offset": -90
        },
        "53":{
            "fid": 145,
            "num_seats": 3,
            "x": 393,
            "y": 179,
            "ftype": 19,
            "degree_offset": 0
        },
        "54":{
            "fid": 146,
            "num_seats": 3,
            "x": 393,
            "y": 170,
            "ftype": 19,
            "degree_offset": 180
        },
        "55":{
            "fid": 147,
            "num_seats": 3,
            "x": 405,
            "y": 179,
            "ftype": 19,
            "degree_offset": 0
        },
        "56":{
            "fid": 148,
            "num_seats": 3,
            "x": 405,
            "y": 170,
            "ftype": 19,
            "degree_offset": 180
        },
        "57":{
            "fid": 149,
            "num_seats": 3,
            "x": 418,
            "y": 179,
            "ftype": 19,
            "degree_offset": 0
        },
        "58":{
            "fid": 150,
            "num_seats": 3,
            "x": 418,
            "y": 170,
            "ftype": 19,
            "degree_offset": 180
        },
        "59":{
            "fid": 151,
            "num_seats": 3,
            "x": 430,
            "y": 179,
            "ftype": 19,
            "degree_offset": 0
        },
        "60":{
            "fid": 152,
            "num_seats": 3,
            "x": 430,
            "y": 170,
            "ftype": 19,
            "degree_offset": 180
        },
        "61":{
            "fid": 153,
            "num_seats": 3,
            "x": 442,
            "y": 179,
            "ftype": 19,
            "degree_offset": 0
        },
        "62":{
            "fid": 154,
            "num_seats": 3,
            "x": 442,
            "y": 170,
            "ftype": 19,
            "degree_offset": 180
        },
        "63":{
            "fid": 155,
            "num_seats": 3,
            "x": 455,
            "y": 179,
            "ftype": 10,
            "degree_offset": 0
        },
        "64":{
            "fid": 156,
            "num_seats": 3,
            "x": 455,
            "y": 163,
            "ftype": 10,
            "degree_offset": 0
        },
        "65":{
            "fid": 157,
            "num_seats": 3,
            "x": 410,
            "y": 235,
            "ftype": 10,
            "degree_offset": 0
        },
        "66":{
            "fid": 158,
            "num_seats": 3,
            "x": 410,
            "y": 220,
            "ftype": 10,
            "degree_offset": 0
        },
        "67":{
            "fid": 159,
            "num_seats": 4,
            "x": 457,
            "y": 280,
            "ftype": 4,
            "degree_offset": 0
        },
        "68":{
            "fid": 160,
            "num_seats": 4,
            "x": 457,
            "y": 280,
            "ftype": 4,
            "degree_offset": 0
        },
        "69":{
            "fid": 161,
            "num_seats": 4,
            "x": 478,
            "y": 280,
            "ftype": 4,
            "degree_offset": 0
        },
        "70":{
            "fid": 162,
            "num_seats": 4,
            "x": 455,
            "y": 262,
            "ftype": 4,
            "degree_offset": 90
        },
        "71":{
            "fid": 163,
            "num_seats": 4,
            "x": 489,
            "y": 262,
            "ftype": 4,
            "degree_offset": 90
        },
        "72":{
            "fid": 164,
            "num_seats": 2,
            "x": 494,
            "y": 280,
            "ftype": 22,
            "degree_offset": 0
        },
        "73":{
            "fid": 165,
            "num_seats": 4,
            "x": 280,
            "y": 65,
            "ftype": 10,
            "degree_offset": 0
        },
        "74":{
            "fid": 166,
            "num_seats": 4,
            "x": 297,
            "y": 65,
            "ftype": 10,
            "degree_offset": 0
        },
        "75":{
            "fid": 167,
            "num_seats": 4,
            "x": 308,
            "y": 65,
            "ftype": 10,
            "degree_offset": 0
        },
        "76":{
            "fid": 168,
            "num_seats": 4,
            "x": 332,
            "y": 69,
            "ftype": 10,
            "degree_offset": 0
        },
        "77":{
            "fid": 169,
            "num_seats": 4,
            "x": 343,
            "y": 69,
            "ftype": 10,
            "degree_offset": 0
        },
        "78":{
            "fid": 170,
            "num_seats": 4,
            "x": 364,
            "y": 65,
            "ftype": 10,
            "degree_offset": 0
        },
        "79":{
            "fid": 171,
            "num_seats": 4,
            "x": 375,
            "y": 65,
            "ftype": 10,
            "degree_offset": 0
        },
        "80":{
            "fid": 172,
            "num_seats": 4,
            "x": 396,
            "y": 69,
            "ftype": 10,
            "degree_offset": 0
        },
        "81":{
            "fid": 173,
            "num_seats": 4,
            "x": 407,
            "y": 69,
            "ftype": 10,
            "degree_offset": 0
        },
        "82":{
            "fid": 174,
            "num_seats": 4,
            "x": 424,
            "y": 69,
            "ftype": 10,
            "degree_offset": 0
        },
        "83":{
            "fid": 175,
            "num_seats": 4,
            "x": 437,
            "y": 69,
            "ftype": 10,
            "degree_offset": 0
        },
        "84":{
            "fid": 176,
            "num_seats": 4,
            "x": 450,
            "y": 69,
            "ftype": 10,
            "degree_offset": 0
        },
        "85":{
            "fid": 177,
            "num_seats": 4,
            "x": 280,
            "y": 94,
            "ftype": 10,
            "degree_offset": 0
        },
        "86":{
            "fid": 178,
            "num_seats": 4,
            "x": 297,
            "y": 94,
            "ftype": 10,
            "degree_offset": 0
        },
        "87":{
            "fid": 179,
            "num_seats": 4,
            "x": 314,
            "y": 94,
            "ftype": 10,
            "degree_offset": 0
        },
        "88":{
            "fid": 180,
            "num_seats": 4,
            "x": 331,
            "y": 94,
            "ftype": 10,
            "degree_offset": 0
        },
        "89":{
            "fid": 181,
            "num_seats": 4,
            "x": 348,
            "y": 94,
            "ftype": 10,
            "degree_offset": 0
        },
        "90":{
            "fid": 182,
            "num_seats": 4,
            "x": 365,
            "y": 94,
            "ftype": 10,
            "degree_offset": 0
        },
        "91":{
            "fid": 183,
            "num_seats": 4,
            "x": 382,
            "y": 94,
            "ftype": 10,
            "degree_offset": 0
        },
        "92":{
            "fid": 184,
            "num_seats": 4,
            "x": 399,
            "y": 94,
            "ftype": 10,
            "degree_offset": 0
        },
        "93":{
            "fid": 185,
            "num_seats": 4,
            "x": 416,
            "y": 94,
            "ftype": 10,
            "degree_offset": 0
        },
        "94":{
            "fid": 186,
            "num_seats": 4,
            "x": 433,
            "y": 94,
            "ftype": 10,
            "degree_offset": 0
        },
        "95":{
            "fid": 187,
            "num_seats": 4,
            "x": 450,
            "y": 90,
            "ftype": 10,
            "degree_offset": 0
        },
        "96":{
            "fid": 188,
            "num_seats": 4,
            "x": 486,
            "y": 69,
            "ftype": 10,
            "degree_offset": 0
        },
        "97":{
            "fid": 189,
            "num_seats": 4,
            "x": 486,
            "y": 83,
            "ftype": 10,
            "degree_offset": 0
        },
        "98":{
            "fid": 190,
            "num_seats": 4,
            "x": 486,
            "y": 97,
            "ftype": 10,
            "degree_offset": 0
        },
        "99":{
            "fid": 191,
            "num_seats": 4,
            "x": 486,
            "y": 115,
            "ftype": 10,
            "degree_offset": 0
        },
        "100":{
            "fid": 192,
            "num_seats": 4,
            "x": 486,
            "y": 135,
            "ftype": 10,
            "degree_offset": 0
        },
        "101":{
            "fid": 193,
            "num_seats": 4,
            "x": 486,
            "y": 150,
            "ftype": 10,
            "degree_offset": 0
        },
        "102":{
            "fid": 194,
            "num_seats": 4,
            "x": 486,
            "y": 173,
            "ftype": 10,
            "degree_offset": 0
        },
        "103":{
            "fid": 195,
            "num_seats": 4,
            "x": 486,
            "y": 190,
            "ftype": 10,
            "degree_offset": 0
        },
        "104":{
            "fid": 196,
            "num_seats": 4,
            "x": 486,
            "y": 205,
            "ftype": 10,
            "degree_offset": 0
        },
        "105":{
            "fid": 197,
            "num_seats": 4,
            "x": 486,
            "y": 225,
            "ftype": 10,
            "degree_offset": 0
        },
        "106":{
            "fid": 198,
            "num_seats": 4,
            "x": 461,
            "y": 228,
            "ftype": 10,
            "degree_offset": 0
        },
        "107":{
            "fid": 199,
            "num_seats": 4,
            "x": 461,
            "y": 213,
            "ftype": 10,
            "degree_offset": 0
        }
    },
    "Floor 3":{
        "0":{
            "fid": 273,
            "num_seats": 5,
            "x": 447,
            "y": 175,
            "ftype": 19,
            "degree_offset": 0
        },
        "1":{
            "fid": 274,
            "num_seats": 5,
            "x": 460,
            "y": 175,
            "ftype": 19,
            "degree_offset": 0
        },
        "2":{
            "fid": 200,
            "num_seats": 5,
            "x": 475,
            "y": 175,
            "ftype": 19,
            "degree_offset": 0
        },
        "3":{
            "fid": 201,
            "num_seats": 5,
            "x": 447,
            "y": 210,
            "ftype": 19,
            "degree_offset": 180
        },
        "4":{
            "fid": 202,
            "num_seats": 5,
            "x": 460,
            "y": 210,
            "ftype": 19,
            "degree_offset": 180
        },
        "5":{
            "fid": 203,
            "num_seats": 5,
            "x": 475,
            "y": 210,
            "ftype": 19,
            "degree_offset": 180
        },
        "6":{
            "fid": 204,
            "num_seats": 5,
            "x": 432,
            "y": 210,
            "ftype": 19,
            "degree_offset": 180
        },
        "7":{
            "fid": 205,
            "num_seats": 5,
            "x": 422,
            "y": 192.5,
            "ftype": 19,
            "degree_offset": 90
        },
        "8":{
            "fid": 206,
            "num_seats": 5,
            "x": 353.75,
            "y": 208,
            "ftype": 19,
            "degree_offset": 180
        },
        "9":{
            "fid": 207,
            "num_seats": 5,
            "x": 287,
            "y": 205,
            "ftype": 4,
            "degree_offset": 180
        },
        "10":{
            "fid": 208,
            "num_seats": 2,
            "x": 287,
            "y": 190,
            "ftype": 4,
            "degree_offset": 180
        },
        "11":{
            "fid": 209,
            "num_seats": 2,
            "x": 294,
            "y": 205,
            "ftype": 4,
            "degree_offset": 180
        },
        "12":{
            "fid": 210,
            "num_seats": 2,
            "x": 294,
            "y": 190,
            "ftype": 4,
            "degree_offset": 180
        },
        "13":{
            "fid": 211,
            "num_seats": 2,
            "x": 301,
            "y": 205,
            "ftype": 4,
            "degree_offset": 180
        },
        "14":{
            "fid": 212,
            "num_seats": 2,
            "x": 301,
            "y": 190,
            "ftype": 4,
            "degree_offset": 180
        },
        "15":{
            "fid": 213,
            "num_seats": 2,
            "x": 315,
            "y": 202,
            "ftype": 4,
            "degree_offset": 180
        },
        "16":{
            "fid": 214,
            "num_seats": 2,
            "x": 315,
            "y": 187,
            "ftype": 4,
            "degree_offset": 180
        },
        "17":{
            "fid": 215,
            "num_seats": 8,
            "x": 456,
            "y": 200,
            "ftype": 5,
            "degree_offset": 90
        },
        "18":{
            "fid": 216,
            "num_seats": 1,
            "x": 448,
            "y": 167,
            "ftype": 19,
            "degree_offset": 180
        },
        "19":{
            "fid": 217,
            "num_seats": 1,
            "x": 458,
            "y": 167,
            "ftype": 19,
            "degree_offset": 180
        },
        "20":{
            "fid": 218,
            "num_seats": 1,
            "x": 470,
            "y": 167,
            "ftype": 19,
            "degree_offset": 180
        },
        "21":{
            "fid": 219,
            "num_seats": 4,
            "x": 450,
            "y": 153,
            "ftype": 5,
            "degree_offset": 90
        },
        "22":{
            "fid": 220,
            "num_seats": 4,
            "x": 485,
            "y": 155,
            "ftype": 10,
            "degree_offset": 0
        },
        "23":{
            "fid": 221,
            "num_seats": 4,
            "x": 485,
            "y": 145,
            "ftype": 10,
            "degree_offset": 0
        },
        "24":{
            "fid": 222,
            "num_seats": 4,
            "x": 485,
            "y": 130,
            "ftype": 10,
            "degree_offset": 0
        },
        "25":{
            "fid": 223,
            "num_seats": 2,
            "x": 337,
            "y": 141,
            "ftype": 9,
            "degree_offset": 0
        },
        "26":{
            "fid": 224,
            "num_seats": 2,
            "x": 317,
            "y": 141,
            "ftype": 9,
            "degree_offset": 0
        },
        "27":{
            "fid": 225,
            "num_seats": 2,
            "x": 302,
            "y": 125,
            "ftype": 9,
            "degree_offset": 0
        },
        "28":{
            "fid": 226,
            "num_seats": 1,
            "x": 302,
            "y": 104,
            "ftype": 9,
            "degree_offset": 0
        },
        "29":{
            "fid": 227,
            "num_seats": 2,
            "x": 302,
            "y":87,
            "ftype": 9,
            "degree_offset": 0
        },
        "30":{
            "fid": 228,
            "num_seats": 2,
            "x": 302,
            "y":70,
            "ftype": 9,
            "degree_offset": 0
        },
        "31":{
            "fid": 229,
            "num_seats": 3,
            "x": 278,
            "y": 122,
            "ftype": 19,
            "degree_offset": 90
        },
        "32":{
            "fid": 230,
            "num_seats": 3,
            "x": 278,
            "y": 76,
            "ftype": 19,
            "degree_offset": 90
        },
        "33":{
            "fid": 231,
            "num_seats": 4,
            "x": 370,
            "y": 190,
            "ftype": 10,
            "degree_offset": 0
        },
        "34":{
            "fid": 232,
            "num_seats": 4,
            "x": 253,
            "y": 190,
            "ftype": 5,
            "degree_offset": 90
        },
        "35":{
            "fid": 233,
            "num_seats": 4,
            "x": 212,
            "y": 220,
            "ftype": 10,
            "degree_offset": 0
        },
        "36":{
            "fid": 234,
            "num_seats": 4,
            "x": 212,
            "y": 235,
            "ftype": 10,
            "degree_offset": 0
        },
        "37":{
            "fid": 235,
            "num_seats": 4,
            "x": 200,
            "y": 250,
            "ftype": 10,
            "degree_offset": 0
        },
        "38":{
            "fid": 236,
            "num_seats": 5,
            "x": 232,
            "y": 245,
            "ftype": 19,
            "degree_offset": -90
        },
        "39":{
            "fid": 237,
            "num_seats": 3,
            "x": 228,
            "y": 275,
            "ftype": 19,
            "degree_offset": 180
        },
        "40":{
            "fid": 238,
            "num_seats": 2,
            "x": 175,
            "y": 255,
            "ftype": 4,
            "degree_offset": 90
        },
        "41":{
            "fid": 239,
            "num_seats": 2,
            "x": 208,
            "y": 202,
            "ftype": 9,
            "degree_offset": 0
        },
        "42":{
            "fid": 240,
            "num_seats": 2,
            "x": 195,
            "y": 195,
            "ftype": 9,
            "degree_offset": 0
        },
        "43":{
            "fid": 241,
            "num_seats": 2,
            "x": 177,
            "y": 195,
            "ftype": 9,
            "degree_offset": 0
        },
        "44":{
            "fid": 242,
            "num_seats": 8,
            "x": 110,
            "y": 190,
            "ftype": 5,
            "degree_offset": 90
        },
        "45":{
            "fid": 243,
            "num_seats": 8,
            "x": 150,
            "y": 190,
            "ftype": 5,
            "degree_offset": 90
        },
        "46":{
            "fid": 244,
            "num_seats": 2,
            "x": 140,
            "y": 312,
            "ftype": 28,
            "degree_offset": 0
        },
        "47":{
            "fid": 245,
            "num_seats": 2,
            "x": 105,
            "y": 319,
            "ftype": 4,
            "degree_offset": 90
        },
        "48":{
            "fid": 246,
            "num_seats": 2,
            "x": 113,
            "y": 319,
            "ftype": 4,
            "degree_offset": 90
        },
        "49":{
            "fid": 247,
            "num_seats": 2,
            "x": 72,
            "y": 312,
            "ftype": 28,
            "degree_offset": 0
        },
        "50":{
            "fid": 248,
            "num_seats": 2,
            "x": 62,
            "y": 302,
            "ftype": 28,
            "degree_offset": 90
        },
        "51":{
            "fid": 249,
            "num_seats": 1,
            "x": 62,
            "y": 285,
            "ftype": 27,
            "degree_offset": 90
        },
        "52":{
            "fid": 250,
            "num_seats": 2,
            "x": 55,
            "y": 270,
            "ftype": 4,
            "degree_offset": 0
        },
        "53":{
            "fid": 251,
            "num_seats": 2,
            "x": 55,
            "y": 262,
            "ftype": 4,
            "degree_offset": 0
        },
        "54":{
            "fid": 252,
            "num_seats": 2,
            "x": 55,
            "y": 252,
            "ftype": 5,
            "degree_offset": 0
        },
        "55":{
            "fid": 253,
            "num_seats": 2,
            "x": 55,
            "y": 230,
            "ftype": 4,
            "degree_offset": 0
        },
        "56":{
            "fid": 254,
            "num_seats": 2,
            "x": 55,
            "y": 222,
            "ftype": 4,
            "degree_offset": 0
        },
        "57":{
            "fid": 255,
            "num_seats": 2,
            "x": 55,
            "y": 214,
            "ftype": 4,
            "degree_offset": 0
        },
        "58":{
            "fid": 256,
            "num_seats": 1,
            "x": 58,
            "y": 200,
            "ftype": 27,
            "degree_offset": 0
        },
        "59":{
            "fid": 257,
            "num_seats": 2,
            "x": 58,
            "y": 180,
            "ftype": 28,
            "degree_offset": 0
        },
        "60":{
            "fid": 258,
            "num_seats": 1,
            "x": 62,
            "y": 160,
            "ftype": 27,
            "degree_offset": 0
        },
        "61":{
            "fid": 259,
            "num_seats": 1,
            "x": 62,
            "y": 145,
            "ftype": 27,
            "degree_offset": 0
        },
        "62":{
            "fid": 260,
            "num_seats": 1,
            "x": 55,
            "y": 128,
            "ftype": 4,
            "degree_offset": 0
        },
        "63":{
            "fid": 261,
            "num_seats": 1,
            "x": 55,
            "y": 120,
            "ftype": 4,
            "degree_offset": 0
        },
        "64":{
            "fid": 262,
            "num_seats": 1,
            "x": 55,
            "y": 112,
            "ftype": 4,
            "degree_offset": 0
        },
        "65":{
            "fid": 263,
            "num_seats": 2,
            "x": 62,
            "y": 83,
            "ftype": 28,
            "degree_offset": 90
        },
        "66":{
            "fid": 264,
            "num_seats": 2,
            "x": 62,
            "y": 75,
            "ftype": 28,
            "degree_offset": 90
        },
        "67":{
            "fid": 265,
            "num_seats": 2,
            "x": 102,
            "y": 62,
            "ftype": 4,
            "degree_offset": 90
        },
        "68":{
            "fid": 266,
            "num_seats": 2,
            "x": 110,
            "y": 62,
            "ftype": 4,
            "degree_offset": 90
        },
        "69":{
            "fid": 267,
            "num_seats": 2,
            "x": 118,
            "y": 62,
            "ftype": 4,
            "degree_offset": 90
        },
        "70":{
            "fid": 268,
            "num_seats": 2,
            "x": 137,
            "y": 62,
            "ftype": 28,
            "degree_offset": 0
        },
        "71":{
            "fid": 269,
            "num_seats": 2,
            "x": 157,
            "y": 62,
            "ftype": 28,
            "degree_offset": 0
        },
        "72":{
            "fid": 270,
            "num_seats": 1,
            "x": 175,
            "y": 62,
            "ftype": 4,
            "degree_offset": 90
        },
        "73":{
            "fid": 271,
            "num_seats": 1,
            "x": 183,
            "y": 62,
            "ftype": 4,
            "degree_offset": 90
        },
        "74":{
            "fid": 272,
            "num_seats": 1,
            "x": 191,
            "y": 62,
            "ftype": 4,
            "degree_offset": 90
        }

    },
    "Areas":{
        "Floor 1":{
            "0":{
                "name": "Main Lobby",
                "facilities_id": "LIB 102",
                "points":{
                    "0":{
                        "v_x": 75,
                        "v_y": 257
                    },
                    "1":{
                        "v_x": 75,
                        "v_y": 322
                    },
                    "2":{
                        "v_x": 189,
                        "v_y": 322
                    },
                    "3":{
                        "v_x": 189,
                        "v_y": 257
                    }
                }
            },
            "1":{
                "name": "Cafe",
                "facilities_id": "LIB 101A",
                "points": {
                    "0":{
                        "v_x": 200,
                        "v_y": 258
                    },
                    "1":{
                        "v_x": 200,
                        "v_y": 291
                    },
                    "2":{
                        "v_x": 189,
                        "v_y": 297
                    },
                    "3":{
                        "v_x": 189,
                        "v_y": 315
                    },
                    "4":{
                        "v_x": 200,
                        "v_y": 323
                    },
                    "5":{
                        "v_x": 200,
                        "v_y": 356
                    },
                    "6":{
                        "v_x": 240,
                        "v_y": 356
                    },
                    "7":{
                        "v_x": 240,
                        "v_y": 258
                    }
                }
            },
            "2":{
                "name": "Learning Center and Tutoring Area",
                "facilities_id": "LIB 101",
                "points": {
                    "0":{
                        "v_x": 269,
                        "v_y": 191
                    },
                    "1":{
                        "v_x": 338,
                        "v_y": 191
                    },
                    "2":{
                        "v_x": 338,
                        "v_y": 56
                    },
                    "3":{
                        "v_x": 269,
                        "v_y": 56
                    }
                }
            },
            "3":{
                "name": "101 Computer Lab",
                "facilities_id": "LIB 101",
                "points": {
                    "0":{
                        "v_x": 269,
                        "v_y": 56
                    },
                    "1":{
                        "v_x": 205,
                        "v_y": 56
                    },
                    "2":{
                        "v_x": 205,
                        "v_y": 258
                    },
                    "3":{
                        "v_x": 235,
                        "v_y": 258
                    },
                    "4":{
                        "v_x": 235,
                        "v_y": 224
                    },
                    "5":{
                        "v_x": 269,
                        "v_y": 224
                    }
                }
            },
            "4":{
                "name": "Soft Seating",
                "facilities_id": "LIB 101",
                "points": {
                    "0":{
                        "v_x": 205,
                        "v_y": 56
                    },
                    "1":{
                        "v_x": 170,
                        "v_y": 56
                    },
                    "2":{
                        "v_x": 170,
                        "v_y": 125
                    },
                    "3":{
                        "v_x": 140,
                        "v_y": 125
                    },
                    "4":{
                        "v_x": 140,
                        "v_y": 192
                    },
                    "5":{
                        "v_x": 205,
                        "v_y": 192
                    }
                }
            }
        },
        "Floor 2":{
            "0":{
                "name": "Quiet Study",
                "facilities_id": "LIB 201",
                "points": {
                    "0":{
                        "v_x": 101,
                        "v_y": 61
                    },
                    "1":{
                        "v_x": 101,
                        "v_y": 94
                    },
                    "2":{
                        "v_x": 105.5,
                        "v_y": 94
                    },
                    "3":{
                        "v_x": 105.5,
                        "v_y": 126.5
                    },
                    "4":{
                        "v_x": 101,
                        "v_y": 126.5
                    },
                    "5":{
                        "v_x": 101,
                        "v_y": 159.2
                    },
                    "6":{
                        "v_x": 105.5,
                        "v_y": 159.2
                    },
                    "7":{
                        "v_x": 105.5,
                        "v_y": 191
                    },
                    "8":{
                        "v_x": 334,
                        "v_y": 191
                    },
                    "9":{
                        "v_x": 334,
                        "v_y": 159.2
                    },
                    "10":{
                        "v_x": 339,
                        "v_y": 159.2
                    },
                    "11":{
                        "v_x": 339,
                        "v_y": 126.6
                    },
                    "12":{
                        "v_x": 334,
                        "v_y": 126.6
                    },
                    "13":{
                        "v_x": 334,
                        "v_y": 57
                    },
                    "14":{
                        "v_x": 301.5,
                        "v_y": 57
                    },
                    "15":{
                        "v_x": 301.5,
                        "v_y": 61.3
                    },
                    "16":{
                        "v_x": 268.9,
                        "v_y": 61.3
                    },
                    "17":{
                        "v_x": 268.9,
                        "v_y": 57
                    },
                    "18":{
                        "v_x": 236.2,
                        "v_y": 57
                    },
                    "19":{
                        "v_x": 236.2,
                        "v_y": 61.3
                    },
                    "20":{
                        "v_x": 203.4,
                        "v_y": 61.3
                    },
                    "21":{
                        "v_x": 203.4,
                        "v_y": 57
                    },
                    "22":{
                        "v_x": 170.7,
                        "v_y": 57
                    },
                    "23":{
                        "v_x": 170.7,
                        "v_y": 61
                    }
                }
            },
            "1":{
                "name": "BrainBooth",
                "facilities_id": "LIB 201",
                "points": {
                    "0":{
                        "v_x": 338.5,
                        "v_y": 192
                    },
                    "1":{
                        "v_x": 338.5,
                        "v_y": 224
                    },
                    "2":{
                        "v_x": 235,
                        "v_y": 224
                    },
                    "3":{
                        "v_x": 235,
                        "v_y": 192
                    }
                }
            },
            "2":{
                "name": "West Window",
                "facilities_id": "LIB 201",
                "points": {
                    "0":{
                        "v_x": 190.875,
                        "v_y": 257
                    },
                    "1":{
                        "v_x": 240.625,
                        "v_y": 257.125
                    },
                    "2":{
                        "v_x": 240.625,
                        "v_y": 349.125
                    },
                    "3":{
                        "v_x": 190.875,
                        "v_y": 349.25
                    }
                }
            },
            "3":{
                "name": "Group Study Area",
                "facilities_id": "LIB 201",
                "points": {
                    "0":{
                        "v_x": 190.875,
                        "v_y": 257
                    },
                    "1":{
                        "v_x": 190.875,
                        "v_y": 461
                    },
                    "2":{
                        "v_x": 150,
                        "v_y": 461
                    },
                    "3":{
                        "v_x": 150,
                        "v_y": 257
                    }
                }
            },
            "4":{
                "name": "NW Conference Room",
                "facilities_id": "LIB 201",
                "points": {
                    "0":{
                        "v_x": 281,
                        "v_y": 454
                    },
                    "1":{
                        "v_x": 281,
                        "v_y": 484
                    },
                    "2":{
                        "v_x": 286,
                        "v_y": 484
                    },
                    "3":{
                        "v_x": 286,
                        "v_y": 497
                    },
                    "4":{
                        "v_x": 280,
                        "v_y": 497
                    },
                    "5":{
                        "v_x": 280,
                        "v_y": 502
                    },
                    "6":{
                        "v_x": 268,
                        "v_y": 502
                    },
                    "7":{
                        "v_x": 268,
                        "v_y": 497
                    },
                    "8":{
                        "v_x": 236,
                        "v_y": 497
                    },
                    "9":{
                        "v_x": 236,
                        "v_y": 502
                    },
                    "10":{
                        "v_x": 203,
                        "v_y": 502
                    },
                    "11":{
                        "v_x": 203,
                        "v_y": 454
                    }
                }
            },
            "5":{
                "name": "Helen Everett Reading Room Group Study",
                "facilities_id": "LIB 201",
                "points": {
                    "0":{
                        "v_x": 60,
                        "v_y": 497
                    },
                    "1":{
                        "v_x": 60,
                        "v_y": 502
                    },
                    "2":{
                        "v_x": 203,
                        "v_y": 502
                    },
                    "3":{
                        "v_x": 203,
                        "v_y": 461
                    },
                    "4":{
                        "v_x": 96,
                        "v_y": 461
                    }
                }
            },
            "6":{
                "name": "HSU Authors Hall Group Study",
                "facilities_id": "LIB 201",
                "points": {
                    "0":{
                        "v_x": 60,
                        "v_y": 497
                    },
                    "1":{
                        "v_x": 55,
                        "v_y": 497
                    },
                    "2":{
                        "v_x": 55,
                        "v_y": 258
                    },
                    "3":{
                        "v_x": 104,
                        "v_y": 258
                    },
                    "4":{
                        "v_x": 104,
                        "v_y": 443
                    },
                    "5":{
                        "v_x": 96,
                        "v_y": 443
                    },
                    "6":{
                        "v_x": 96,
                        "v_y": 461
                    }
                }
            }
        },
        "Floor 3":{
            "0":{
                "name": "Quiet Area",
                "facilities_id": "LIB 301",
                "points": {
                    "0":{
                        "v_x": 55,
                        "v_y": 204
                    },
                    "1":{
                        "v_x": 55,
                        "v_y": 55
                    },
                    "2":{
                        "v_x": 321,
                        "v_y": 55
                    },
                    "3":{
                        "v_x": 321,
                        "v_y": 168
                    },
                    "4":{
                        "v_x": 80,
                        "v_y": 168
                    },
                    "5":{
                        "v_x": 80,
                        "v_y": 204
                    }
                }
            },
            "1":{
                "name": "Study Area",
                "facilities_id": "LIB 301",
                "points": {
                    "0":{
                        "v_x": 276.75,
                        "v_y": 240
                    },
                    "1":{
                        "v_x": 184.25,
                        "v_y": 240
                    },
                    "2":{
                        "v_x": 184.25,
                        "v_y": 200
                    },
                    "3":{
                        "v_x": 276.75,
                        "v_y": 200
                    }
                }
            },
            "2":{
                "name": "Scholars Lab",
                "facilities_id": "LIB 301",
                "points": {
                    "0":{
                        "v_x": 211.75,
                        "v_y": 275
                    },
                    "1":{
                        "v_x": 211.75,
                        "v_y": 400.5
                    },
                    "2":{
                        "v_x": 167,
                        "v_y": 400.5
                    },
                    "3":{
                        "v_x": 167,
                        "v_y": 275
                    }
                }
            },
            "3":{
                "name": "Study Area Study 2",
                "facilities_id": "LIB 301",
                "points": {
                    "0":{
                        "v_x": 60,
                        "v_y": 275
                    },
                    "1":{
                        "v_x": 167,
                        "v_y": 275
                    },
                    "2":{
                        "v_x": 167,
                        "v_y": 495.25
                    },
                    "3":{
                        "v_x": 115.5,
                        "v_y": 495.25
                    },
                    "4":{
                        "v_x": 115.5,
                        "v_y": 468.25
                    },
                    "5":{
                        "v_x": 133,
                        "v_y": 468.25
                    },
                    "6":{
                        "v_x": 133,
                        "v_y": 311.25
                    },
                    "7":{
                        "v_x": 60,
                        "v_y": 311.25
                    }
                }
            }
        }
    }
}